name,userType,email
Saket Singh,intern,saketsingh.sjv@gmail.com
Mihir Singh,employee,mihir.psi136@gmail.com
Sudatra Gosh,employee,mail2sudatra@gmail.com
Harsh Singh,intern,mirroraccone@gmail.com
Rajib Parbat,intern,rajibparbat55@gmail.com
Aniket Das,employee,dasaniket20002@gmail.com
Sanjali Singh,employee,sanjali0202@gmail.com
Mahesh Shah,intern,saketsingh.sp@gmail.com
Diksha Singh,intern,singhdiksha300@gmail.com
